{"first":{"logs":[{"tsStart":1562596301478,"tsEnd":1562596308392,"avgDelay":37.333333333333336}],"avgDelay":37.333333333333336,"minBatchDelay":37.333333333333336,"maxBatchDelay":37.333333333333336},"second":{"logs":[{"tsStart":1562596301478,"tsEnd":1562596308392,"avgDelay":4}],"avgDelay":4,"minBatchDelay":4,"maxBatchDelay":4},"third":{"logs":[{"tsStart":1562596301478,"tsEnd":1562596308392,"avgDelay":8}],"avgDelay":8,"minBatchDelay":8,"maxBatchDelay":8}}